pdb_id,chain,resseq,resname,avg_bfactor,ca_bfactor,relative_bfactor,relative_ca_bfactor,pocket_avg_bfactor,min_dist_to_ligand,ligand_resname
1A0J,A,189,ASP,11.29,11.11,0.732,0.762,15.42,2.88,BEN
1A0J,A,190,SER,11.68,11.05,0.757,0.758,15.42,3.01,BEN
1A0J,A,191,CYS,11.28,10.81,0.732,0.742,15.42,3.71,BEN
1A0J,A,192,GLN,18.8,14.04,1.219,0.963,15.42,4.02,BEN
1A0J,A,195,SER,10.58,9.63,0.686,0.661,15.42,3.63,BEN
1A0J,A,213,VAL,8.37,9.14,0.543,0.627,15.42,3.93,BEN
1A0J,A,214,SER,9.22,10.04,0.598,0.689,15.42,4.14,BEN
1A0J,A,215,TRP,13.05,9.94,0.846,0.682,15.42,3.83,BEN
1A0J,A,216,GLY,11.84,10.65,0.768,0.731,15.42,3.77,BEN
1A0J,A,217,TYR,16.46,13.75,1.067,0.943,15.42,4.7,BEN
1A0J,A,219,GLY,11.48,12.66,0.744,0.869,15.42,2.86,BEN
1A0J,A,220,CYS,12.27,12.45,0.796,0.854,15.42,3.7,BEN
1A0J,A,221,ALA,12.64,12.89,0.82,0.884,15.42,4.73,BEN
1A0J,A,224,LYS,15.72,14.13,1.019,0.969,15.42,4.96,BEN
1A0J,A,225,PRO,15.28,15.38,0.991,1.055,15.42,4.88,BEN
1A0J,A,226,GLY,13.22,12.77,0.857,0.876,15.42,3.37,BEN
1A0J,A,227,VAL,11.69,11.18,0.758,0.767,15.42,4.85,BEN
1A0J,A,228,TYR,10.31,11.11,0.669,0.762,15.42,4.63,BEN
1A0J,B,189,ASP,17.71,16.64,1.148,1.142,15.42,2.87,BEN
1A0J,B,190,SER,15.62,16.4,1.013,1.125,15.42,3.07,BEN
1A0J,B,191,CYS,17.95,16.72,1.164,1.147,15.42,3.75,BEN
1A0J,B,192,GLN,20.69,16.98,1.342,1.165,15.42,4.06,BEN
1A0J,B,195,SER,12.39,11.51,0.803,0.79,15.42,3.39,BEN
1A0J,B,213,VAL,10.17,11.17,0.66,0.766,15.42,3.7,BEN
1A0J,B,214,SER,10.7,9.71,0.694,0.666,15.42,3.93,BEN
1A0J,B,215,TRP,15.34,15.56,0.995,1.067,15.42,3.78,BEN
1A0J,B,216,GLY,19.57,19.25,1.269,1.321,15.42,3.72,BEN
1A0J,B,217,TYR,36.95,25.99,2.396,1.783,15.42,4.62,BEN
1A0J,B,219,GLY,23.38,23.52,1.516,1.614,15.42,2.75,BEN
1A0J,B,220,CYS,18.31,17.4,1.187,1.194,15.42,3.87,BEN
1A0J,B,221,ALA,20.74,20.64,1.345,1.416,15.42,4.82,BEN
1A0J,B,226,GLY,13.51,14.85,0.876,1.019,15.42,3.49,BEN
1A0J,B,227,VAL,11.11,12.12,0.72,0.831,15.42,4.81,BEN
1A0J,B,228,TYR,10.69,11.89,0.693,0.816,15.42,4.56,BEN
1A0J,C,189,ASP,17.21,19.06,1.116,1.308,15.42,2.83,BEN
1A0J,C,190,SER,15.01,15.16,0.973,1.04,15.42,2.82,BEN
1A0J,C,191,CYS,16.64,15.04,1.079,1.032,15.42,3.58,BEN
1A0J,C,192,GLN,33.09,22.32,2.146,1.531,15.42,4.0,BEN
1A0J,C,195,SER,15.08,14.84,0.978,1.018,15.42,3.51,BEN
1A0J,C,213,VAL,12.09,12.46,0.784,0.855,15.42,3.89,BEN
1A0J,C,214,SER,12.31,12.75,0.798,0.875,15.42,4.0,BEN
1A0J,C,215,TRP,11.3,11.62,0.733,0.797,15.42,3.82,BEN
1A0J,C,216,GLY,12.68,11.72,0.822,0.804,15.42,3.73,BEN
1A0J,C,217,TYR,16.36,13.89,1.061,0.953,15.42,4.77,BEN
1A0J,C,219,GLY,17.9,17.87,1.161,1.226,15.42,2.9,BEN
1A0J,C,220,CYS,18.07,17.85,1.172,1.225,15.42,3.79,BEN
1A0J,C,221,ALA,18.12,17.43,1.175,1.196,15.42,4.69,BEN
1A0J,C,226,GLY,14.81,14.24,0.96,0.977,15.42,3.42,BEN
1A0J,C,227,VAL,11.27,12.41,0.731,0.851,15.42,4.72,BEN
1A0J,C,228,TYR,12.02,10.66,0.779,0.731,15.42,4.37,BEN
1A0J,D,189,ASP,18.12,18.32,1.175,1.257,15.42,2.92,BEN
1A0J,D,190,SER,15.37,16.11,0.997,1.105,15.42,2.88,BEN
1A0J,D,191,CYS,15.89,15.35,1.03,1.053,15.42,3.66,BEN
1A0J,D,192,GLN,16.86,15.68,1.093,1.076,15.42,3.87,BEN
1A0J,D,195,SER,11.04,10.9,0.716,0.748,15.42,3.34,BEN
1A0J,D,213,VAL,10.94,12.67,0.709,0.869,15.42,3.83,BEN
1A0J,D,214,SER,10.82,9.95,0.702,0.683,15.42,4.15,BEN
1A0J,D,215,TRP,13.44,12.28,0.872,0.842,15.42,3.86,BEN
1A0J,D,216,GLY,17.45,17.12,1.132,1.175,15.42,3.79,BEN
1A0J,D,217,TYR,32.44,23.75,2.104,1.629,15.42,4.63,BEN
1A0J,D,219,GLY,19.54,18.31,1.267,1.256,15.42,2.79,BEN
1A0J,D,220,CYS,19.44,19.04,1.261,1.306,15.42,3.79,BEN
1A0J,D,221,ALA,20.37,20.11,1.321,1.38,15.42,4.85,BEN
1A0J,D,226,GLY,17.31,16.61,1.123,1.14,15.42,3.44,BEN
1A0J,D,227,VAL,10.97,10.68,0.711,0.733,15.42,4.84,BEN
1A0J,D,228,TYR,13.76,12.75,0.892,0.875,15.42,4.54,BEN
1BIT,A,171,SER,8.68,10.85,0.717,1.187,12.11,2.55,BEN
1BIT,A,172,TYR,6.98,5.82,0.577,0.637,12.11,3.9,BEN
1BIT,A,173,PRO,8.41,8.33,0.695,0.912,12.11,3.63,BEN
1BIT,A,175,MET,19.82,13.18,1.637,1.442,12.11,3.01,BEN
1BIT,A,189,ASP,10.75,10.68,0.888,1.169,12.11,2.98,BEN
1BIT,A,190,SER,12.68,9.3,1.047,1.018,12.11,3.1,BEN
1BIT,A,191,CYS,10.66,6.3,0.88,0.689,12.11,3.44,BEN
1BIT,A,192,GLN,35.44,20.43,2.927,2.236,12.11,4.02,BEN
1BIT,A,195,SER,8.98,6.59,0.742,0.721,12.11,3.29,BEN
1BIT,A,213,VAL,8.13,6.39,0.672,0.699,12.11,3.47,BEN
1BIT,A,214,SER,4.67,2.0,0.386,0.219,12.11,3.94,BEN
1BIT,A,215,TRP,9.46,4.03,0.781,0.441,12.11,3.7,BEN
1BIT,A,216,GLY,12.35,12.21,1.02,1.336,12.11,3.65,BEN
1BIT,A,217,TYR,21.43,11.22,1.77,1.228,12.11,3.74,BEN
1BIT,A,219,GLY,11.4,9.88,0.942,1.081,12.11,2.7,BEN
1BIT,A,220,CYS,15.2,16.51,1.255,1.807,12.11,3.85,BEN
1BIT,A,221,ALA,13.71,13.82,1.132,1.512,12.11,4.87,BEN
1BIT,A,223,GLY,11.68,10.96,0.965,1.199,12.11,3.58,BEN
1BIT,A,224,ASN,18.46,11.11,1.525,1.216,12.11,3.1,BEN
1BIT,A,226,GLY,6.95,3.4,0.574,0.372,12.11,3.53,BEN
1BIT,A,227,VAL,5.35,3.92,0.442,0.429,12.11,4.69,BEN
1BIT,A,228,TYR,5.16,4.11,0.426,0.45,12.11,4.52,BEN
1HJ8,A,57,HIS,8.58,7.93,0.858,1.006,10.0,4.88,BEN
1HJ8,A,76,THR,14.13,10.26,1.413,1.301,10.0,3.26,BEN
1HJ8,A,80,GLU,11.78,9.5,1.178,1.205,10.0,3.22,BEN
1HJ8,A,81,GLN,10.44,8.56,1.044,1.086,10.0,4.65,BEN
1HJ8,A,82,PHE,10.41,8.4,1.041,1.065,10.0,3.19,BEN
1HJ8,A,189,ASP,8.68,7.46,0.868,0.946,10.0,2.85,BEN
1HJ8,A,190,SER,8.03,6.66,0.803,0.845,10.0,3.03,BEN
1HJ8,A,191,CYS,11.94,9.48,1.194,1.202,10.0,3.3,BEN
1HJ8,A,192,GLN,16.6,8.79,1.66,1.115,10.0,3.85,BEN
1HJ8,A,194,ASP,6.42,5.91,0.642,0.749,10.0,4.78,BEN
1HJ8,A,195,SER,7.27,5.54,0.727,0.703,10.0,3.52,BEN
1HJ8,A,213,VAL,6.54,4.66,0.654,0.591,10.0,3.23,BEN
1HJ8,A,214,SER,6.24,5.44,0.624,0.69,10.0,3.93,BEN
1HJ8,A,215,TRP,7.99,6.54,0.799,0.829,10.0,3.17,BEN
1HJ8,A,216,GLY,9.54,7.83,0.954,0.993,10.0,2.93,BEN
1HJ8,A,217,TYR,16.76,10.21,1.676,1.295,10.0,4.84,BEN
1HJ8,A,219,GLY,12.71,12.18,1.271,1.545,10.0,2.88,BEN
1HJ8,A,220,CYS,13.34,12.16,1.334,1.542,10.0,2.88,BEN
1HJ8,A,221,ALA,12.53,10.03,1.253,1.272,10.0,4.07,BEN
1HJ8,A,226,GLY,6.87,6.24,0.687,0.791,10.0,2.86,BEN
1HJ8,A,227,VAL,7.46,5.16,0.746,0.654,10.0,3.86,BEN
1HJ8,A,228,TYR,5.71,4.54,0.571,0.576,10.0,4.4,BEN
1MBQ,A,189,ASP,8.23,7.56,0.975,0.971,8.44,2.78,BEN
1MBQ,A,190,SER,7.22,6.42,0.856,0.825,8.44,2.94,BEN
1MBQ,A,191,CYS,7.87,7.26,0.933,0.933,8.44,3.64,BEN
1MBQ,A,192,GLN,10.55,8.1,1.25,1.041,8.44,3.81,BEN
1MBQ,A,195,SER,8.69,6.93,1.03,0.891,8.44,3.57,BEN
1MBQ,A,213,VAL,6.69,6.43,0.793,0.826,8.44,3.81,BEN
1MBQ,A,214,SER,7.36,6.01,0.872,0.772,8.44,3.98,BEN
1MBQ,A,215,TRP,8.58,8.14,1.017,1.046,8.44,3.84,BEN
1MBQ,A,216,GLY,9.72,9.42,1.152,1.211,8.44,3.58,BEN
1MBQ,A,217,TYR,10.24,8.51,1.213,1.094,8.44,4.8,BEN
1MBQ,A,219,GLY,9.61,10.45,1.139,1.343,8.44,2.91,BEN
1MBQ,A,220,CYS,8.93,8.5,1.058,1.092,8.44,3.8,BEN
1MBQ,A,221,ALA,9.75,9.68,1.155,1.244,8.44,4.69,BEN
1MBQ,A,226,GLY,7.06,7.17,0.837,0.921,8.44,3.47,BEN
1MBQ,A,227,VAL,6.71,6.77,0.795,0.87,8.44,4.62,BEN
1MBQ,A,228,TYR,7.81,7.16,0.925,0.92,8.44,4.38,BEN
1PPZ,A,40,TRP,15.36,12.21,1.231,1.224,12.47,3.3,MIS
1PPZ,A,41,CYS,11.46,10.64,0.919,1.066,12.47,2.54,MIS
1PPZ,A,42,GLY,8.47,7.1,0.679,0.712,12.47,2.03,MIS
1PPZ,A,53,THR,11.47,8.05,0.92,0.807,12.47,4.01,MIS
1PPZ,A,54,ALA,12.3,9.92,0.986,0.994,12.47,4.11,MIS
1PPZ,A,56,HIS,18.71,14.67,1.5,1.47,12.47,2.6,MIS
1PPZ,A,57,CYS,13.46,11.65,1.079,1.168,12.47,3.02,MIS
1PPZ,A,61,TYR,17.98,13.57,1.442,1.36,12.47,4.63,MIS
1PPZ,A,190,SER,13.18,9.79,1.057,0.981,12.47,4.04,MIS
1PPZ,A,191,CYS,12.38,10.54,0.993,1.056,12.47,2.88,MIS
1PPZ,A,192,GLN,19.73,11.98,1.582,1.201,12.47,2.76,MIS
1PPZ,A,193,GLY,10.64,9.69,0.853,0.971,12.47,2.03,MIS
1PPZ,A,194,ASP,8.87,8.28,0.711,0.83,12.47,1.34,MIS
1PPZ,A,196,GLY,7.86,7.24,0.63,0.726,12.47,1.33,MIS
1PPZ,A,197,GLY,8.07,7.26,0.647,0.728,12.47,2.57,MIS
1PPZ,A,210,VAL,10.39,7.58,0.833,0.76,12.47,3.05,MIS
1PPZ,A,211,SER,10.93,8.83,0.876,0.885,12.47,3.92,MIS
1PPZ,A,212,TRP,13.25,10.58,1.062,1.06,12.47,4.66,MIS
1PQA,A,40,TRP,15.35,12.72,1.239,1.235,12.39,3.71,SEB
1PQA,A,41,CYS,11.82,10.94,0.954,1.062,12.39,2.58,SEB
1PQA,A,42,GLY,9.07,8.3,0.732,0.806,12.39,2.02,SEB
1PQA,A,53,THR,11.92,8.89,0.962,0.863,12.39,4.0,SEB
1PQA,A,54,ALA,12.62,9.84,1.019,0.955,12.39,4.07,SEB
1PQA,A,56,HIS,15.44,13.74,1.246,1.334,12.39,1.45,SEB
1PQA,A,57,CYS,13.41,11.38,1.082,1.105,12.39,2.94,SEB
1PQA,A,61,TYR,16.76,12.31,1.353,1.195,12.39,4.68,SEB
1PQA,A,191,CYS,12.98,11.26,1.048,1.093,12.39,3.51,SEB
1PQA,A,192,GLN,16.71,12.08,1.349,1.173,12.39,2.56,SEB
1PQA,A,193,GLY,11.41,10.6,0.921,1.029,12.39,2.03,SEB
1PQA,A,194,ASP,9.95,8.59,0.803,0.834,12.39,1.36,SEB
1PQA,A,196,GLY,8.69,7.58,0.701,0.736,12.39,1.32,SEB
1PQA,A,197,GLY,8.34,7.61,0.673,0.739,12.39,2.58,SEB
1PQA,A,210,VAL,11.16,8.51,0.901,0.826,12.39,2.96,SEB
1PQA,A,211,SER,11.36,9.81,0.917,0.952,12.39,3.63,SEB
1PQA,A,212,TRP,13.65,10.93,1.102,1.061,12.39,4.02,SEB
1TRY,A,41,TRP,13.64,12.5,1.072,1.204,12.72,4.43,ISP
1TRY,A,42,CYS,8.86,9.65,0.696,0.93,12.72,4.78,ISP
1TRY,A,57,HIS,14.21,12.91,1.117,1.244,12.72,2.84,ISP
1TRY,A,190,SER,12.71,11.2,0.999,1.079,12.72,4.66,ISP
1TRY,A,191,CYS,12.98,12.19,1.02,1.175,12.72,3.49,ISP
1TRY,A,192,GLN,28.55,10.44,2.244,1.006,12.72,3.24,ISP
1TRY,A,193,GLY,10.97,10.69,0.862,1.03,12.72,2.73,ISP
1TRY,A,194,ASP,8.17,7.93,0.642,0.764,12.72,3.42,ISP
1TRY,A,195,SER,9.19,7.39,0.722,0.712,12.72,1.64,ISP
1TRY,A,213,VAL,9.14,7.5,0.718,0.723,12.72,3.61,ISP
1TRY,A,214,SER,9.69,8.75,0.762,0.843,12.72,3.72,ISP
1TRY,A,215,TRP,13.54,11.64,1.064,1.122,12.72,3.95,ISP
1TRY,A,216,GLY,13.73,12.13,1.079,1.169,12.72,4.9,ISP
1UTJ,A,189,ASP,4.0,4.62,1.027,1.061,3.89,2.7,ABN
1UTJ,A,190,SER,2.08,2.04,0.534,0.468,3.89,2.86,ABN
1UTJ,A,191,CYS,3.68,3.09,0.945,0.71,3.89,3.66,ABN
1UTJ,A,192,GLN,4.66,4.08,1.197,0.937,3.89,3.65,ABN
1UTJ,A,194,ASP,2.66,2.66,0.683,0.611,3.89,4.91,ABN
1UTJ,A,195,SER,3.74,4.12,0.96,0.946,3.89,3.56,ABN
1UTJ,A,213,VAL,2.28,3.36,0.586,0.772,3.89,3.67,ABN
1UTJ,A,214,SER,2.79,2.0,0.716,0.459,3.89,4.21,ABN
1UTJ,A,215,TRP,4.44,4.16,1.14,0.955,3.89,3.62,ABN
1UTJ,A,216,GLY,5.38,5.66,1.382,1.3,3.89,3.73,ABN
1UTJ,A,219,GLY,5.01,8.59,1.287,1.973,3.89,3.13,ABN
1UTJ,A,220,CYS,5.34,6.12,1.371,1.405,3.89,3.88,ABN
1UTJ,A,221,ALA,5.83,7.52,1.497,1.727,3.89,3.97,ABN
1UTJ,A,226,GLY,3.64,5.08,0.935,1.167,3.89,3.9,ABN
1UTJ,A,227,VAL,2.88,2.22,0.74,0.51,3.89,4.05,ABN
1UTM,A,57,HIS,9.81,8.92,0.842,0.806,11.65,4.53,PEA
1UTM,A,189,ASP,11.73,11.27,1.007,1.019,11.65,3.14,PEA
1UTM,A,190,SER,11.54,11.5,0.99,1.04,11.65,3.15,PEA
1UTM,A,191,CYS,14.18,13.34,1.217,1.206,11.65,4.13,PEA
1UTM,A,192,GLN,18.81,17.41,1.614,1.574,11.65,4.03,PEA
1UTM,A,195,SER,9.59,8.11,0.823,0.733,11.65,3.32,PEA
1UTM,A,213,VAL,6.71,6.53,0.576,0.59,11.65,4.3,PEA
1UTM,A,214,SER,9.31,8.89,0.799,0.804,11.65,3.69,PEA
1UTM,A,215,TRP,12.19,11.64,1.046,1.052,11.65,3.74,PEA
1UTM,A,216,GLY,14.79,14.12,1.269,1.277,11.65,4.08,PEA
1UTM,A,219,GLY,16.15,16.12,1.386,1.457,11.65,4.03,PEA
1UTM,A,220,CYS,16.18,15.4,1.389,1.392,11.65,4.35,PEA
1UTM,A,226,GLY,8.91,8.74,0.765,0.79,11.65,3.67,PEA
1UTM,A,227,VAL,7.92,7.38,0.68,0.667,11.65,4.81,PEA
1UTM,A,228,TYR,6.95,6.55,0.596,0.592,11.65,4.74,PEA
2A31,A,57,HIS,7.05,6.09,0.867,0.843,8.13,3.12,PG3
2A31,A,189,ASP,7.15,6.63,0.88,0.918,8.13,2.89,PG3
2A31,A,190,SER,7.54,6.14,0.928,0.85,8.13,3.04,PG3
2A31,A,191,CYS,6.9,8.18,0.849,1.133,8.13,3.44,PG3
2A31,A,192,GLN,12.84,8.73,1.58,1.209,8.13,2.75,PG3
2A31,A,194,ASP,5.65,5.74,0.695,0.795,8.13,4.35,PG3
2A31,A,195,SER,7.44,5.44,0.915,0.753,8.13,3.26,PG3
2A31,A,213,VAL,5.2,5.21,0.64,0.721,8.13,3.2,PG3
2A31,A,214,SER,6.02,6.2,0.741,0.858,8.13,2.73,PG3
2A31,A,215,TRP,7.14,6.11,0.878,0.846,8.13,2.96,PG3
2A31,A,216,GLY,6.72,6.41,0.827,0.887,8.13,2.9,PG3
2A31,A,217,TYR,18.48,9.61,2.274,1.331,8.13,4.46,PG3
2A31,A,219,GLY,10.0,10.88,1.23,1.506,8.13,2.98,PG3
2A31,A,220,CYS,7.97,9.0,0.981,1.246,8.13,3.6,PG3
2A31,A,221,ALA,9.96,10.49,1.225,1.452,8.13,4.29,PG3
2A31,A,225,PRO,9.49,8.8,1.168,1.218,8.13,4.76,PG3
2A31,A,226,GLY,6.45,6.15,0.794,0.851,8.13,2.81,PG3
2A31,A,227,VAL,6.42,5.73,0.79,0.793,8.13,4.27,PG3
2A31,A,228,TYR,6.02,5.69,0.741,0.788,8.13,4.63,PG3
2FPZ,A,172,TYR,15.12,16.64,0.771,0.876,19.61,5.0,AX7
2FPZ,A,189,ASP,22.07,21.98,1.126,1.157,19.61,2.62,AX7
2FPZ,A,190,SER,18.71,20.64,0.954,1.087,19.61,2.94,AX7
2FPZ,A,191,CYS,19.09,18.41,0.974,0.969,19.61,3.51,AX7
2FPZ,A,192,GLN,22.32,18.01,1.138,0.948,19.61,3.36,AX7
2FPZ,A,195,SER,12.8,12.97,0.653,0.683,19.61,3.35,AX7
2FPZ,A,213,VAL,14.11,15.68,0.72,0.826,19.61,3.75,AX7
2FPZ,A,214,SER,11.98,11.88,0.611,0.625,19.61,4.66,AX7
2FPZ,A,215,TRP,15.69,14.48,0.8,0.762,19.61,3.77,AX7
2FPZ,A,216,GLY,22.94,22.1,1.17,1.164,19.61,3.23,AX7
2FPZ,A,217,GLU,32.08,28.56,1.636,1.504,19.61,4.01,AX7
2FPZ,A,219,GLY,32.78,32.33,1.672,1.702,19.61,2.75,AX7
2FPZ,A,220,CYS,24.25,25.2,1.237,1.327,19.61,3.96,AX7
2FPZ,A,221,ALA,24.38,23.56,1.243,1.24,19.61,4.35,AX7
2FPZ,A,224,ARG,17.45,16.92,0.89,0.891,19.61,4.22,AX7
2FPZ,A,225,PRO,17.09,16.65,0.872,0.877,19.61,4.38,AX7
2FPZ,A,226,GLY,14.64,13.0,0.747,0.684,19.61,3.65,AX7
2FPZ,B,189,ASP,16.92,16.16,0.863,0.851,19.61,2.78,AX7
2FPZ,B,190,SER,15.94,16.33,0.813,0.86,19.61,2.84,AX7
2FPZ,B,191,CYS,15.49,16.64,0.79,0.876,19.61,3.62,AX7
2FPZ,B,192,GLN,17.26,15.21,0.88,0.801,19.61,3.53,AX7
2FPZ,B,195,SER,16.04,15.35,0.818,0.808,19.61,3.14,AX7
2FPZ,B,213,VAL,14.29,14.15,0.729,0.745,19.61,3.86,AX7
2FPZ,B,214,SER,15.94,15.81,0.813,0.832,19.61,4.02,AX7
2FPZ,B,215,TRP,16.75,16.97,0.854,0.893,19.61,3.71,AX7
2FPZ,B,216,GLY,22.45,21.82,1.145,1.149,19.61,3.56,AX7
2FPZ,B,217,GLU,29.34,23.26,1.496,1.225,19.61,4.52,AX7
2FPZ,B,219,GLY,26.44,27.51,1.349,1.448,19.61,2.77,AX7
2FPZ,B,220,CYS,21.65,21.91,1.104,1.154,19.61,3.98,AX7
2FPZ,B,221,ALA,22.62,22.0,1.154,1.158,19.61,4.56,AX7
2FPZ,B,225,PRO,17.18,15.29,0.876,0.805,19.61,4.91,AX7
2FPZ,B,226,GLY,15.84,16.11,0.808,0.848,19.61,3.64,AX7
2FPZ,C,189,ASP,20.05,21.38,1.023,1.126,19.61,2.54,AX7
2FPZ,C,190,SER,20.85,22.33,1.063,1.176,19.61,2.82,AX7
2FPZ,C,191,CYS,20.84,20.33,1.063,1.07,19.61,3.57,AX7
2FPZ,C,192,GLN,23.8,20.57,1.214,1.083,19.61,3.32,AX7
2FPZ,C,195,SER,12.74,12.77,0.65,0.672,19.61,3.44,AX7
2FPZ,C,213,VAL,13.58,14.47,0.693,0.762,19.61,3.82,AX7
2FPZ,C,214,SER,14.69,14.5,0.749,0.763,19.61,4.55,AX7
2FPZ,C,215,TRP,13.94,13.33,0.711,0.702,19.61,3.83,AX7
2FPZ,C,216,GLY,20.09,18.75,1.025,0.987,19.61,3.34,AX7
2FPZ,C,217,GLU,29.94,25.44,1.527,1.339,19.61,4.02,AX7
2FPZ,C,219,GLY,32.02,32.07,1.633,1.688,19.61,2.56,AX7
2FPZ,C,220,CYS,25.07,25.69,1.279,1.353,19.61,3.78,AX7
2FPZ,C,221,ALA,25.0,24.58,1.275,1.294,19.61,4.13,AX7
2FPZ,C,224,ARG,17.45,16.68,0.89,0.878,19.61,4.16,AX7
2FPZ,C,225,PRO,16.96,16.84,0.865,0.887,19.61,4.41,AX7
2FPZ,C,226,GLY,15.48,12.15,0.79,0.64,19.61,3.62,AX7
2FPZ,D,189,ASP,18.25,18.22,0.931,0.959,19.61,2.64,AX7
2FPZ,D,190,SER,19.52,20.23,0.996,1.065,19.61,3.05,AX7
2FPZ,D,191,CYS,18.99,19.23,0.969,1.012,19.61,3.68,AX7
2FPZ,D,192,GLN,22.12,20.04,1.128,1.055,19.61,3.74,AX7
2FPZ,D,195,SER,15.92,15.53,0.812,0.818,19.61,3.51,AX7
2FPZ,D,213,VAL,15.86,16.3,0.809,0.858,19.61,3.72,AX7
2FPZ,D,214,SER,16.23,15.13,0.828,0.797,19.61,4.4,AX7
2FPZ,D,215,TRP,17.06,15.34,0.87,0.808,19.61,3.64,AX7
2FPZ,D,216,GLY,20.54,18.92,1.048,0.996,19.61,3.29,AX7
2FPZ,D,217,GLU,29.23,24.07,1.491,1.267,19.61,4.07,AX7
2FPZ,D,219,GLY,26.42,26.76,1.348,1.409,19.61,2.58,AX7
2FPZ,D,220,CYS,22.72,22.07,1.159,1.162,19.61,3.72,AX7
2FPZ,D,221,ALA,21.18,21.82,1.08,1.149,19.61,4.1,AX7
2FPZ,D,224,ARG,17.79,17.98,0.907,0.947,19.61,4.15,AX7
2FPZ,D,225,PRO,17.05,17.34,0.87,0.913,19.61,4.38,AX7
2FPZ,D,226,GLY,16.1,15.54,0.821,0.818,19.61,3.62,AX7
2FPZ,D,227,ILE,15.3,14.66,0.78,0.772,19.61,4.99,AX7
3PTB,A,189,ASP,10.68,12.21,0.91,1.03,11.74,2.87,BEN
3PTB,A,190,SER,8.22,8.11,0.7,0.684,11.74,3.04,BEN
3PTB,A,191,CYS,12.8,12.28,1.09,1.036,11.74,3.77,BEN
3PTB,A,192,GLN,12.1,10.95,1.031,0.924,11.74,3.67,BEN
3PTB,A,195,SER,12.24,11.8,1.042,0.995,11.74,3.65,BEN
3PTB,A,213,VAL,6.98,7.48,0.594,0.631,11.74,3.7,BEN
3PTB,A,214,SER,7.65,7.27,0.652,0.613,11.74,4.05,BEN
3PTB,A,215,TRP,12.83,10.86,1.093,0.916,11.74,3.84,BEN
3PTB,A,216,GLY,17.49,17.49,1.49,1.475,11.74,3.69,BEN
3PTB,A,217,SER,13.55,16.26,1.154,1.371,11.74,4.63,BEN
3PTB,A,219,GLY,14.49,14.49,1.234,1.222,11.74,2.82,BEN
3PTB,A,220,CYS,12.65,12.48,1.077,1.053,11.74,3.71,BEN
3PTB,A,221,ALA,11.46,11.46,0.976,0.967,11.74,4.69,BEN
3PTB,A,225,PRO,19.67,20.41,1.675,1.721,11.74,4.97,BEN
3PTB,A,226,GLY,11.27,11.27,0.96,0.95,11.74,3.37,BEN
3PTB,A,227,VAL,9.21,8.74,0.784,0.737,11.74,4.63,BEN
3PTB,A,228,TYR,6.32,8.01,0.538,0.676,11.74,4.38,BEN
5PTP,A,42,CYS,10.01,9.24,0.867,0.901,11.55,3.37,MIS
5PTP,A,43,GLY,9.29,9.51,0.804,0.927,11.55,2.8,MIS
5PTP,A,54,SER,8.76,7.74,0.758,0.755,11.55,4.74,MIS
5PTP,A,55,ALA,9.06,8.73,0.784,0.851,11.55,4.7,MIS
5PTP,A,57,HIS,10.82,8.48,0.937,0.827,11.55,2.82,MIS
5PTP,A,58,CYS,11.82,11.58,1.023,1.129,11.55,3.71,MIS
5PTP,A,190,SER,12.13,10.58,1.05,1.032,11.55,4.39,MIS
5PTP,A,191,CYS,11.54,11.26,0.999,1.098,11.55,3.48,MIS
5PTP,A,192,GLN,25.64,13.35,2.22,1.302,11.55,3.53,MIS
5PTP,A,193,GLY,10.65,9.8,0.922,0.956,11.55,2.72,MIS
5PTP,A,194,ASP,9.24,9.24,0.8,0.901,11.55,1.32,MIS
5PTP,A,196,GLY,8.93,9.18,0.773,0.895,11.55,1.32,MIS
5PTP,A,197,GLY,9.38,8.27,0.812,0.806,11.55,3.27,MIS
5PTP,A,213,VAL,8.45,8.45,0.732,0.824,11.55,3.47,MIS
5PTP,A,214,SER,9.5,9.29,0.823,0.906,11.55,3.96,MIS
5PTP,A,215,TRP,11.69,10.11,1.012,0.986,11.55,4.08,MIS
5PTP,A,216,GLY,16.21,14.95,1.403,1.458,11.55,4.98,MIS
5PTP,A,220,CYS,14.78,14.85,1.28,1.448,11.55,4.87,MIS
