receptor,ligand_from,docking_rmsd,pocket_ca_rmsd,bfactor_avg
1A0J,1BIT,0.104,9.399,15.420151515151515
1A0J,1HJ8,1.056,11.734,15.420151515151515
1A0J,1MBQ,0.135,0.193,15.420151515151515
1A0J,1TRY,1.099,0.267,15.420151515151515
1A0J,1UTJ,0.224,0.189,15.420151515151515
1A0J,1UTM,0.952,0.24,15.420151515151515
1A0J,3PTB,1.067,9.207,15.420151515151515
1A0J,5PTP,1.764,0.229,15.420151515151515
1BIT,1A0J,0.021,9.399,12.106818181818182
1BIT,1HJ8,0.095,0.135,12.106818181818182
1BIT,1MBQ,0.142,0.104,12.106818181818182
1BIT,1TRY,1.099,0.314,12.106818181818182
1BIT,1UTJ,0.649,0.134,12.106818181818182
1BIT,1UTM,0.849,0.23,12.106818181818182
1BIT,3PTB,1.067,0.128,12.106818181818182
1BIT,5PTP,1.427,0.282,12.106818181818182
1HJ8,1A0J,0.021,11.734,9.998636363636367
1HJ8,1BIT,1.046,0.135,9.998636363636367
1HJ8,1MBQ,0.142,0.193,9.998636363636367
1HJ8,1PQA,1.323,0.936,9.998636363636367
1HJ8,1TRY,1.099,0.231,9.998636363636367
1HJ8,1UTJ,0.649,0.195,9.998636363636367
1HJ8,1UTM,0.735,0.21,9.998636363636367
1HJ8,3PTB,1.067,0.134,9.998636363636367
1HJ8,5PTP,1.427,0.222,9.998636363636367
1MBQ,1A0J,0.021,0.193,8.43875
1MBQ,1BIT,0.104,0.104,8.43875
1MBQ,1HJ8,1.056,0.193,8.43875
1MBQ,1TRY,1.045,0.407,8.43875
1MBQ,1UTJ,0.288,0.117,8.43875
1MBQ,1UTM,0.952,0.28,8.43875
1MBQ,3PTB,0.49,0.16,8.43875
1MBQ,5PTP,1.482,0.36,8.43875
1PPZ,1HJ8,1.056,0.898,12.472777777777779
1PPZ,1PQA,1.79,0.076,12.472777777777779
1PPZ,1TRY,0.498,1.65,12.472777777777779
1PPZ,5PTP,1.353,1.799,12.472777777777779
1PQA,1HJ8,1.056,0.936,12.390588235294118
1PQA,1TRY,0.638,1.684,12.390588235294118
1PQA,5PTP,1.314,1.838,12.390588235294118
1TRY,1A0J,0.021,0.267,12.721538461538461
1TRY,1BIT,0.104,0.314,12.721538461538461
1TRY,1HJ8,1.056,0.231,12.721538461538461
1TRY,1MBQ,0.142,0.407,12.721538461538461
1TRY,1PQA,1.893,1.684,12.721538461538461
1TRY,1UTJ,0.649,0.331,12.721538461538461
1TRY,1UTM,0.952,0.246,12.721538461538461
1TRY,3PTB,0.116,0.283,12.721538461538461
1TRY,5PTP,1.427,0.206,12.721538461538461
1UTJ,1A0J,0.421,0.189,3.894
1UTJ,1BIT,0.104,0.134,3.894
1UTJ,1HJ8,1.056,0.195,3.894
1UTJ,1MBQ,0.272,0.117,3.894
1UTJ,1TRY,1.099,0.331,3.894
1UTJ,1UTM,0.952,0.235,3.894
1UTJ,3PTB,1.067,0.178,3.894
1UTJ,5PTP,1.118,0.311,3.894
1UTM,1A0J,0.021,0.24,11.651333333333332
1UTM,1BIT,0.799,0.23,11.651333333333332
1UTM,1HJ8,0.018,0.21,11.651333333333332
1UTM,1MBQ,0.142,0.28,11.651333333333332
1UTM,1TRY,1.099,0.246,11.651333333333332
1UTM,1UTJ,0.649,0.235,11.651333333333332
1UTM,3PTB,1.067,0.231,11.651333333333332
1UTM,5PTP,1.427,0.222,11.651333333333332
2A31,1A0J,0.021,11.658,8.128421052631579
2A31,1BIT,0.104,0.27,8.128421052631579
2A31,1HJ8,0.995,0.291,8.128421052631579
2A31,1MBQ,0.076,0.281,8.128421052631579
2A31,1PQA,1.439,0.879,8.128421052631579
2A31,1TRY,1.099,0.279,8.128421052631579
2A31,1UTJ,0.649,0.252,8.128421052631579
2A31,1UTM,0.952,0.292,8.128421052631579
2A31,3PTB,1.067,0.233,8.128421052631579
2A31,5PTP,1.484,0.378,8.128421052631579
2FPZ,1A0J,0.797,11.852,19.606615384615385
2FPZ,1BIT,0.104,5.407,19.606615384615385
2FPZ,1HJ8,1.056,0.29,19.606615384615385
2FPZ,1MBQ,0.065,0.31,19.606615384615385
2FPZ,1TRY,1.099,0.259,19.606615384615385
2FPZ,1UTJ,0.706,0.294,19.606615384615385
2FPZ,1UTM,0.952,0.319,19.606615384615385
2FPZ,3PTB,1.067,0.295,19.606615384615385
2FPZ,5PTP,1.513,0.269,19.606615384615385
3PTB,1A0J,0.021,9.207,11.741764705882352
3PTB,1BIT,0.104,0.128,11.741764705882352
3PTB,1HJ8,1.056,0.134,11.741764705882352
3PTB,1MBQ,0.684,0.16,11.741764705882352
3PTB,1TRY,0.38,0.283,11.741764705882352
3PTB,1UTJ,0.7,0.178,11.741764705882352
3PTB,1UTM,0.952,0.231,11.741764705882352
3PTB,5PTP,1.254,0.232,11.741764705882352
5PTP,1A0J,0.021,0.229,11.55
5PTP,1BIT,0.104,0.282,11.55
5PTP,1HJ8,1.056,0.222,11.55
5PTP,1MBQ,1.083,0.36,11.55
5PTP,1PQA,1.376,1.838,11.55
5PTP,1TRY,0.653,0.206,11.55
5PTP,1UTJ,0.501,0.311,11.55
5PTP,1UTM,0.952,0.222,11.55
5PTP,3PTB,0.118,0.232,11.55
